clan1,family1,clan2,family2,distance
CL00012,RF00162,CL00012,RF00162,0.0
CL00012,RF00162,CL00012,RF00634,506.0
CL00012,RF00162,CL00012,RF01725,826.0
CL00012,RF00162,CL00013,RF00100,2943.0
CL00012,RF00162,CL00013,RF01052,49833.0
CL00012,RF00162,CL00014,RF01315,927.0
CL00012,RF00162,CL00014,RF01317,933.0
CL00012,RF00162,CL00014,RF01327,941.0
CL00012,RF00162,CL00014,RF01328,937.0
CL00012,RF00162,CL00014,RF01338,937.0
CL00012,RF00162,CL00014,RF01352,941.0
CL00012,RF00162,CL00014,RF01379,919.0
CL00012,RF00162,CL00024,RF00392,409.0
CL00012,RF00162,CL00024,RF01240,2189.0
CL00012,RF00162,CL00034,RF00407,598.0
CL00012,RF00162,CL00034,RF00430,406.0
CL00012,RF00162,CL00034,RF00566,639.0
CL00012,RF00162,CL00034,RF00598,480.0
CL00012,RF00162,CL00069,RF00152,981.0
CL00012,RF00162,CL00069,RF00181,976.0
CL00012,RF00162,CL00069,RF00284,988.0
CL00012,RF00162,CL00069,RF00357,666.0
CL00012,RF00162,CL00069,RF00509,850.0
CL00012,RF00162,CL00069,RF00530,991.0
CL00012,RF00162,CL00069,RF00570,911.0
CL00012,RF00162,CL00069,RF01169,977.0
CL00012,RF00162,CL00069,RF01278,963.0
CL00012,RF00162,CL00116,RF03116,16401.0
CL00012,RF00162,CL00116,RF03117,24411.0
CL00012,RF00162,CL00116,RF03118,7416.0
CL00012,RF00162,CL00116,RF03119,33498.0
CL00012,RF00162,CL00116,RF03120,11829.0
CL00012,RF00162,CL00121,RF00114,1150.0
CL00012,RF00162,CL00121,RF03137,929.0
CL00012,RF00162,CL00121,RF03143,889.0
CL00012,RF00162,CL00121,RF03161,955.0
CL00012,RF00162,CL00124,RF03155,487.0
CL00012,RF00162,CL00124,RF03162,769.0
CL00012,RF00162,CL00150,RF00742,889.0
CL00012,RF00162,CL00150,RF04303,933.0
CL00012,RF00634,CL00012,RF00162,506.0
CL00012,RF00634,CL00012,RF00634,0.0
CL00012,RF00634,CL00012,RF01725,574.0
CL00012,RF00634,CL00013,RF00100,2599.0
CL00012,RF00634,CL00013,RF01052,49547.0
CL00012,RF00634,CL00014,RF01315,1267.0
CL00012,RF00634,CL00014,RF01317,1273.0
CL00012,RF00634,CL00014,RF01327,1281.0
CL00012,RF00634,CL00014,RF01328,1277.0
CL00012,RF00634,CL00014,RF01338,1277.0
CL00012,RF00634,CL00014,RF01352,1281.0
CL00012,RF00634,CL00014,RF01379,1251.0
CL00012,RF00634,CL00024,RF00392,545.0
CL00012,RF00634,CL00024,RF01240,1953.0
CL00012,RF00634,CL00034,RF00407,796.0
CL00012,RF00634,CL00034,RF00430,554.0
CL00012,RF00634,CL00034,RF00566,807.0
CL00012,RF00634,CL00034,RF00598,706.0
CL00012,RF00634,CL00069,RF00152,1257.0
CL00012,RF00634,CL00069,RF00181,1252.0
CL00012,RF00634,CL00069,RF00284,1264.0
CL00012,RF00634,CL00069,RF00357,910.0
CL00012,RF00634,CL00069,RF00509,806.0
CL00012,RF00634,CL00069,RF00530,1267.0
CL00012,RF00634,CL00069,RF00570,1181.0
CL00012,RF00634,CL00069,RF01169,1253.0
CL00012,RF00634,CL00069,RF01278,1239.0
CL00012,RF00634,CL00116,RF03116,16083.0
CL00012,RF00634,CL00116,RF03117,24109.0
CL00012,RF00634,CL00116,RF03118,7058.0
CL00012,RF00634,CL00116,RF03119,33262.0
CL00012,RF00634,CL00116,RF03120,11619.0
CL00012,RF00634,CL00121,RF00114,828.0
CL00012,RF00634,CL00121,RF03137,1229.0
CL00012,RF00634,CL00121,RF03143,1175.0
CL00012,RF00634,CL00121,RF03161,1249.0
CL00012,RF00634,CL00124,RF03155,827.0
CL00012,RF00634,CL00124,RF03162,1095.0
CL00012,RF00634,CL00150,RF00742,975.0
CL00012,RF00634,CL00150,RF04303,731.0
CL00012,RF01725,CL00012,RF00162,826.0
CL00012,RF01725,CL00012,RF00634,574.0
CL00012,RF01725,CL00012,RF01725,0.0
CL00012,RF01725,CL00013,RF00100,2615.0
CL00012,RF01725,CL00013,RF01052,49485.0
CL00012,RF01725,CL00014,RF01315,1199.0
CL00012,RF01725,CL00014,RF01317,1205.0
CL00012,RF01725,CL00014,RF01327,1213.0
CL00012,RF01725,CL00014,RF01328,1209.0
CL00012,RF01725,CL00014,RF01338,1209.0
CL00012,RF01725,CL00014,RF01352,1213.0
CL00012,RF01725,CL00014,RF01379,1183.0
CL00012,RF01725,CL00024,RF00392,873.0
CL00012,RF01725,CL00024,RF01240,2005.0
CL00012,RF01725,CL00034,RF00407,1170.0
CL00012,RF01725,CL00034,RF00430,842.0
CL00012,RF01725,CL00034,RF00566,1227.0
CL00012,RF01725,CL00034,RF00598,918.0
CL00012,RF01725,CL00069,RF00152,1163.0
CL00012,RF01725,CL00069,RF00181,1158.0
CL00012,RF01725,CL00069,RF00284,1170.0
CL00012,RF01725,CL00069,RF00357,812.0
CL00012,RF01725,CL00069,RF00509,574.0
CL00012,RF01725,CL00069,RF00530,1173.0
CL00012,RF01725,CL00069,RF00570,1115.0
CL00012,RF01725,CL00069,RF01169,1159.0
CL00012,RF01725,CL00069,RF01278,1145.0
CL00012,RF01725,CL00116,RF03116,16205.0
CL00012,RF01725,CL00116,RF03117,24191.0
CL00012,RF01725,CL00116,RF03118,7134.0
CL00012,RF01725,CL00116,RF03119,33242.0
CL00012,RF01725,CL00116,RF03120,11611.0
CL00012,RF01725,CL00121,RF00114,512.0
CL00012,RF01725,CL00121,RF03137,1127.0
CL00012,RF01725,CL00121,RF03143,1099.0
CL00012,RF01725,CL00121,RF03161,1141.0
CL00012,RF01725,CL00124,RF03155,715.0
CL00012,RF01725,CL00124,RF03162,1129.0
CL00012,RF01725,CL00150,RF00742,877.0
CL00012,RF01725,CL00150,RF04303,607.0
CL00013,RF00100,CL00012,RF00162,2943.0
CL00013,RF00100,CL00012,RF00634,2599.0
CL00013,RF00100,CL00012,RF01725,2615.0
CL00013,RF00100,CL00013,RF00100,0.0
CL00013,RF00100,CL00013,RF01052,48364.0
CL00013,RF00100,CL00014,RF01315,3720.0
CL00013,RF00100,CL00014,RF01317,3726.0
CL00013,RF00100,CL00014,RF01327,3734.0
CL00013,RF00100,CL00014,RF01328,3730.0
CL00013,RF00100,CL00014,RF01338,3730.0
CL00013,RF00100,CL00014,RF01352,3734.0
CL00013,RF00100,CL00014,RF01379,3704.0
CL00013,RF00100,CL00024,RF00392,2846.0
CL00013,RF00100,CL00024,RF01240,3046.0
CL00013,RF00100,CL00034,RF00407,2643.0
CL00013,RF00100,CL00034,RF00430,2885.0
CL00013,RF00100,CL00034,RF00566,2642.0
CL00013,RF00100,CL00034,RF00598,3025.0
CL00013,RF00100,CL00069,RF00152,3610.0
CL00013,RF00100,CL00069,RF00181,3633.0
CL00013,RF00100,CL00069,RF00284,3621.0
CL00013,RF00100,CL00069,RF00357,3223.0
CL00013,RF00100,CL00069,RF00509,2923.0
CL00013,RF00100,CL00069,RF00530,3636.0
CL00013,RF00100,CL00069,RF00570,3628.0
CL00013,RF00100,CL00069,RF01169,3626.0
CL00013,RF00100,CL00069,RF01278,3648.0
CL00013,RF00100,CL00116,RF03116,14604.0
CL00013,RF00100,CL00116,RF03117,22472.0
CL00013,RF00100,CL00116,RF03118,6217.0
CL00013,RF00100,CL00116,RF03119,32091.0
CL00013,RF00100,CL00116,RF03120,10564.0
CL00013,RF00100,CL00121,RF00114,2423.0
CL00013,RF00100,CL00121,RF03137,3618.0
CL00013,RF00100,CL00121,RF03143,3620.0
CL00013,RF00100,CL00121,RF03161,3648.0
CL00013,RF00100,CL00124,RF03155,3172.0
CL00013,RF00100,CL00124,RF03162,3534.0
CL00013,RF00100,CL00150,RF00742,3262.0
CL00013,RF00100,CL00150,RF04303,2334.0
CL00013,RF01052,CL00012,RF00162,49833.0
CL00013,RF01052,CL00012,RF00634,49547.0
CL00013,RF01052,CL00012,RF01725,49485.0
CL00013,RF01052,CL00013,RF00100,48364.0
CL00013,RF01052,CL00013,RF01052,0.0
CL00013,RF01052,CL00014,RF01315,50522.0
CL00013,RF01052,CL00014,RF01317,50528.0
CL00013,RF01052,CL00014,RF01327,50536.0
CL00013,RF01052,CL00014,RF01328,50532.0
CL00013,RF01052,CL00014,RF01338,50532.0
CL00013,RF01052,CL00014,RF01352,50536.0
CL00013,RF01052,CL00014,RF01379,50506.0
CL00013,RF01052,CL00024,RF00392,49738.0
CL00013,RF01052,CL00024,RF01240,47890.0
CL00013,RF01052,CL00034,RF00407,49453.0
CL00013,RF01052,CL00034,RF00430,49757.0
CL00013,RF01052,CL00034,RF00566,49350.0
CL00013,RF01052,CL00034,RF00598,49893.0
CL00013,RF01052,CL00069,RF00152,50412.0
CL00013,RF01052,CL00069,RF00181,50435.0
CL00013,RF01052,CL00069,RF00284,50423.0
CL00013,RF01052,CL00069,RF00357,49997.0
CL00013,RF01052,CL00069,RF00509,49637.0
CL00013,RF01052,CL00069,RF00530,50438.0
CL00013,RF01052,CL00069,RF00570,50430.0
CL00013,RF01052,CL00069,RF01169,50428.0
CL00013,RF01052,CL00069,RF01278,50450.0
CL00013,RF01052,CL00116,RF03116,34666.0
CL00013,RF01052,CL00116,RF03117,29228.0
CL00013,RF01052,CL00116,RF03118,42503.0
CL00013,RF01052,CL00116,RF03119,17267.0
CL00013,RF01052,CL00116,RF03120,38708.0
CL00013,RF01052,CL00121,RF00114,49033.0
CL00013,RF01052,CL00121,RF03137,50466.0
CL00013,RF01052,CL00121,RF03143,50422.0
CL00013,RF01052,CL00121,RF03161,50450.0
CL00013,RF01052,CL00124,RF03155,50092.0
CL00013,RF01052,CL00124,RF03162,50396.0
CL00013,RF01052,CL00150,RF00742,50004.0
CL00013,RF01052,CL00150,RF04303,49020.0
CL00014,RF01315,CL00012,RF00162,927.0
CL00014,RF01315,CL00012,RF00634,1267.0
CL00014,RF01315,CL00012,RF01725,1199.0
CL00014,RF01315,CL00013,RF00100,3720.0
CL00014,RF01315,CL00013,RF01052,50522.0
CL00014,RF01315,CL00014,RF01315,0.0
CL00014,RF01315,CL00014,RF01317,30.0
CL00014,RF01315,CL00014,RF01327,34.0
CL00014,RF01315,CL00014,RF01328,38.0
CL00014,RF01315,CL00014,RF01338,38.0
CL00014,RF01315,CL00014,RF01352,34.0
CL00014,RF01315,CL00014,RF01379,40.0
CL00014,RF01315,CL00024,RF00392,940.0
CL00014,RF01315,CL00024,RF01240,2922.0
CL00014,RF01315,CL00034,RF00407,1249.0
CL00014,RF01315,CL00034,RF00430,921.0
CL00014,RF01315,CL00034,RF00566,1314.0
CL00014,RF01315,CL00034,RF00598,791.0
CL00014,RF01315,CL00069,RF00152,134.0
CL00014,RF01315,CL00069,RF00181,111.0
CL00014,RF01315,CL00069,RF00284,123.0
CL00014,RF01315,CL00069,RF00357,537.0
CL00014,RF01315,CL00069,RF00509,885.0
CL00014,RF01315,CL00069,RF00530,116.0
CL00014,RF01315,CL00069,RF00570,92.0
CL00014,RF01315,CL00069,RF01169,118.0
CL00014,RF01315,CL00069,RF01278,96.0
CL00014,RF01315,CL00116,RF03116,17324.0
CL00014,RF01315,CL00116,RF03117,25320.0
CL00014,RF01315,CL00116,RF03118,8227.0
CL00014,RF01315,CL00116,RF03119,34371.0
CL00014,RF01315,CL00116,RF03120,12724.0
CL00014,RF01315,CL00121,RF00114,1593.0
CL00014,RF01315,CL00121,RF03137,130.0
CL00014,RF01315,CL00121,RF03143,100.0
CL00014,RF01315,CL00121,RF03161,96.0
CL00014,RF01315,CL00124,RF03155,732.0
CL00014,RF01315,CL00124,RF03162,284.0
CL00014,RF01315,CL00150,RF00742,518.0
CL00014,RF01315,CL00150,RF04303,1502.0
CL00014,RF01317,CL00012,RF00162,933.0
CL00014,RF01317,CL00012,RF00634,1273.0
CL00014,RF01317,CL00012,RF01725,1205.0
CL00014,RF01317,CL00013,RF00100,3726.0
CL00014,RF01317,CL00013,RF01052,50528.0
CL00014,RF01317,CL00014,RF01315,30.0
CL00014,RF01317,CL00014,RF01317,0.0
CL00014,RF01317,CL00014,RF01327,32.0
CL00014,RF01317,CL00014,RF01328,12.0
CL00014,RF01317,CL00014,RF01338,12.0
CL00014,RF01317,CL00014,RF01352,32.0
CL00014,RF01317,CL00014,RF01379,22.0
CL00014,RF01317,CL00024,RF00392,946.0
CL00014,RF01317,CL00024,RF01240,2928.0
CL00014,RF01317,CL00034,RF00407,1255.0
CL00014,RF01317,CL00034,RF00430,927.0
CL00014,RF01317,CL00034,RF00566,1320.0
CL00014,RF01317,CL00034,RF00598,797.0
CL00014,RF01317,CL00069,RF00152,156.0
CL00014,RF01317,CL00069,RF00181,133.0
CL00014,RF01317,CL00069,RF00284,145.0
CL00014,RF01317,CL00069,RF00357,533.0
CL00014,RF01317,CL00069,RF00509,891.0
CL00014,RF01317,CL00069,RF00530,130.0
CL00014,RF01317,CL00069,RF00570,98.0
CL00014,RF01317,CL00069,RF01169,140.0
CL00014,RF01317,CL00069,RF01278,118.0
CL00014,RF01317,CL00116,RF03116,17330.0
CL00014,RF01317,CL00116,RF03117,25326.0
CL00014,RF01317,CL00116,RF03118,8233.0
CL00014,RF01317,CL00116,RF03119,34377.0
CL00014,RF01317,CL00116,RF03120,12730.0
CL00014,RF01317,CL00121,RF00114,1599.0
CL00014,RF01317,CL00121,RF03137,136.0
CL00014,RF01317,CL00121,RF03143,106.0
CL00014,RF01317,CL00121,RF03161,78.0
CL00014,RF01317,CL00124,RF03155,738.0
CL00014,RF01317,CL00124,RF03162,288.0
CL00014,RF01317,CL00150,RF00742,524.0
CL00014,RF01317,CL00150,RF04303,1508.0
CL00014,RF01327,CL00012,RF00162,941.0
CL00014,RF01327,CL00012,RF00634,1281.0
CL00014,RF01327,CL00012,RF01725,1213.0
CL00014,RF01327,CL00013,RF00100,3734.0
CL00014,RF01327,CL00013,RF01052,50536.0
CL00014,RF01327,CL00014,RF01315,34.0
CL00014,RF01327,CL00014,RF01317,32.0
CL00014,RF01327,CL00014,RF01327,0.0
CL00014,RF01327,CL00014,RF01328,44.0
CL00014,RF01327,CL00014,RF01338,44.0
CL00014,RF01327,CL00014,RF01352,0.0
CL00014,RF01327,CL00014,RF01379,30.0
CL00014,RF01327,CL00024,RF00392,954.0
CL00014,RF01327,CL00024,RF01240,2936.0
CL00014,RF01327,CL00034,RF00407,1263.0
CL00014,RF01327,CL00034,RF00430,935.0
CL00014,RF01327,CL00034,RF00566,1328.0
CL00014,RF01327,CL00034,RF00598,805.0
CL00014,RF01327,CL00069,RF00152,124.0
CL00014,RF01327,CL00069,RF00181,101.0
CL00014,RF01327,CL00069,RF00284,113.0
CL00014,RF01327,CL00069,RF00357,539.0
CL00014,RF01327,CL00069,RF00509,899.0
CL00014,RF01327,CL00069,RF00530,98.0
CL00014,RF01327,CL00069,RF00570,106.0
CL00014,RF01327,CL00069,RF01169,108.0
CL00014,RF01327,CL00069,RF01278,86.0
CL00014,RF01327,CL00116,RF03116,17338.0
CL00014,RF01327,CL00116,RF03117,25334.0
CL00014,RF01327,CL00116,RF03118,8241.0
CL00014,RF01327,CL00116,RF03119,34385.0
CL00014,RF01327,CL00116,RF03120,12738.0
CL00014,RF01327,CL00121,RF00114,1607.0
CL00014,RF01327,CL00121,RF03137,144.0
CL00014,RF01327,CL00121,RF03143,114.0
CL00014,RF01327,CL00121,RF03161,86.0
CL00014,RF01327,CL00124,RF03155,746.0
CL00014,RF01327,CL00124,RF03162,296.0
CL00014,RF01327,CL00150,RF00742,532.0
CL00014,RF01327,CL00150,RF04303,1516.0
CL00014,RF01328,CL00012,RF00162,937.0
CL00014,RF01328,CL00012,RF00634,1277.0
CL00014,RF01328,CL00012,RF01725,1209.0
CL00014,RF01328,CL00013,RF00100,3730.0
CL00014,RF01328,CL00013,RF01052,50532.0
CL00014,RF01328,CL00014,RF01315,38.0
CL00014,RF01328,CL00014,RF01317,12.0
CL00014,RF01328,CL00014,RF01327,44.0
CL00014,RF01328,CL00014,RF01328,0.0
CL00014,RF01328,CL00014,RF01338,0.0
CL00014,RF01328,CL00014,RF01352,44.0
CL00014,RF01328,CL00014,RF01379,26.0
CL00014,RF01328,CL00024,RF00392,950.0
CL00014,RF01328,CL00024,RF01240,2932.0
CL00014,RF01328,CL00034,RF00407,1259.0
CL00014,RF01328,CL00034,RF00430,931.0
CL00014,RF01328,CL00034,RF00566,1324.0
CL00014,RF01328,CL00034,RF00598,801.0
CL00014,RF01328,CL00069,RF00152,152.0
CL00014,RF01328,CL00069,RF00181,129.0
CL00014,RF01328,CL00069,RF00284,153.0
CL00014,RF01328,CL00069,RF00357,535.0
CL00014,RF01328,CL00069,RF00509,895.0
CL00014,RF01328,CL00069,RF00530,142.0
CL00014,RF01328,CL00069,RF00570,102.0
CL00014,RF01328,CL00069,RF01169,132.0
CL00014,RF01328,CL00069,RF01278,126.0
CL00014,RF01328,CL00116,RF03116,17334.0
CL00014,RF01328,CL00116,RF03117,25330.0
CL00014,RF01328,CL00116,RF03118,8237.0
CL00014,RF01328,CL00116,RF03119,34381.0
CL00014,RF01328,CL00116,RF03120,12734.0
CL00014,RF01328,CL00121,RF00114,1603.0
CL00014,RF01328,CL00121,RF03137,140.0
CL00014,RF01328,CL00121,RF03143,110.0
CL00014,RF01328,CL00121,RF03161,82.0
CL00014,RF01328,CL00124,RF03155,742.0
CL00014,RF01328,CL00124,RF03162,292.0
CL00014,RF01328,CL00150,RF00742,528.0
CL00014,RF01328,CL00150,RF04303,1512.0
CL00014,RF01338,CL00012,RF00162,937.0
CL00014,RF01338,CL00012,RF00634,1277.0
CL00014,RF01338,CL00012,RF01725,1209.0
CL00014,RF01338,CL00013,RF00100,3730.0
CL00014,RF01338,CL00013,RF01052,50532.0
CL00014,RF01338,CL00014,RF01315,38.0
CL00014,RF01338,CL00014,RF01317,12.0
CL00014,RF01338,CL00014,RF01327,44.0
CL00014,RF01338,CL00014,RF01328,0.0
CL00014,RF01338,CL00014,RF01338,0.0
CL00014,RF01338,CL00014,RF01352,44.0
CL00014,RF01338,CL00014,RF01379,26.0
CL00014,RF01338,CL00024,RF00392,950.0
CL00014,RF01338,CL00024,RF01240,2932.0
CL00014,RF01338,CL00034,RF00407,1259.0
CL00014,RF01338,CL00034,RF00430,931.0
CL00014,RF01338,CL00034,RF00566,1324.0
CL00014,RF01338,CL00034,RF00598,801.0
CL00014,RF01338,CL00069,RF00152,152.0
CL00014,RF01338,CL00069,RF00181,129.0
CL00014,RF01338,CL00069,RF00284,153.0
CL00014,RF01338,CL00069,RF00357,535.0
CL00014,RF01338,CL00069,RF00509,895.0
CL00014,RF01338,CL00069,RF00530,142.0
CL00014,RF01338,CL00069,RF00570,102.0
CL00014,RF01338,CL00069,RF01169,132.0
CL00014,RF01338,CL00069,RF01278,126.0
CL00014,RF01338,CL00116,RF03116,17334.0
CL00014,RF01338,CL00116,RF03117,25330.0
CL00014,RF01338,CL00116,RF03118,8237.0
CL00014,RF01338,CL00116,RF03119,34381.0
CL00014,RF01338,CL00116,RF03120,12734.0
CL00014,RF01338,CL00121,RF00114,1603.0
CL00014,RF01338,CL00121,RF03137,140.0
CL00014,RF01338,CL00121,RF03143,110.0
CL00014,RF01338,CL00121,RF03161,82.0
CL00014,RF01338,CL00124,RF03155,742.0
CL00014,RF01338,CL00124,RF03162,292.0
CL00014,RF01338,CL00150,RF00742,528.0
CL00014,RF01338,CL00150,RF04303,1512.0
CL00014,RF01352,CL00012,RF00162,941.0
CL00014,RF01352,CL00012,RF00634,1281.0
CL00014,RF01352,CL00012,RF01725,1213.0
CL00014,RF01352,CL00013,RF00100,3734.0
CL00014,RF01352,CL00013,RF01052,50536.0
CL00014,RF01352,CL00014,RF01315,34.0
CL00014,RF01352,CL00014,RF01317,32.0
CL00014,RF01352,CL00014,RF01327,0.0
CL00014,RF01352,CL00014,RF01328,44.0
CL00014,RF01352,CL00014,RF01338,44.0
CL00014,RF01352,CL00014,RF01352,0.0
CL00014,RF01352,CL00014,RF01379,30.0
CL00014,RF01352,CL00024,RF00392,954.0
CL00014,RF01352,CL00024,RF01240,2936.0
CL00014,RF01352,CL00034,RF00407,1263.0
CL00014,RF01352,CL00034,RF00430,935.0
CL00014,RF01352,CL00034,RF00566,1328.0
CL00014,RF01352,CL00034,RF00598,805.0
CL00014,RF01352,CL00069,RF00152,124.0
CL00014,RF01352,CL00069,RF00181,101.0
CL00014,RF01352,CL00069,RF00284,113.0
CL00014,RF01352,CL00069,RF00357,539.0
CL00014,RF01352,CL00069,RF00509,899.0
CL00014,RF01352,CL00069,RF00530,98.0
CL00014,RF01352,CL00069,RF00570,106.0
CL00014,RF01352,CL00069,RF01169,108.0
CL00014,RF01352,CL00069,RF01278,86.0
CL00014,RF01352,CL00116,RF03116,17338.0
CL00014,RF01352,CL00116,RF03117,25334.0
CL00014,RF01352,CL00116,RF03118,8241.0
CL00014,RF01352,CL00116,RF03119,34385.0
CL00014,RF01352,CL00116,RF03120,12738.0
CL00014,RF01352,CL00121,RF00114,1607.0
CL00014,RF01352,CL00121,RF03137,144.0
CL00014,RF01352,CL00121,RF03143,114.0
CL00014,RF01352,CL00121,RF03161,86.0
CL00014,RF01352,CL00124,RF03155,746.0
CL00014,RF01352,CL00124,RF03162,296.0
CL00014,RF01352,CL00150,RF00742,532.0
CL00014,RF01352,CL00150,RF04303,1516.0
CL00014,RF01379,CL00012,RF00162,919.0
CL00014,RF01379,CL00012,RF00634,1251.0
CL00014,RF01379,CL00012,RF01725,1183.0
CL00014,RF01379,CL00013,RF00100,3704.0
CL00014,RF01379,CL00013,RF01052,50506.0
CL00014,RF01379,CL00014,RF01315,40.0
CL00014,RF01379,CL00014,RF01317,22.0
CL00014,RF01379,CL00014,RF01327,30.0
CL00014,RF01379,CL00014,RF01328,26.0
CL00014,RF01379,CL00014,RF01338,26.0
CL00014,RF01379,CL00014,RF01352,30.0
CL00014,RF01379,CL00014,RF01379,0.0
CL00014,RF01379,CL00024,RF00392,924.0
CL00014,RF01379,CL00024,RF01240,2906.0
CL00014,RF01379,CL00034,RF00407,1233.0
CL00014,RF01379,CL00034,RF00430,905.0
CL00014,RF01379,CL00034,RF00566,1298.0
CL00014,RF01379,CL00034,RF00598,775.0
CL00014,RF01379,CL00069,RF00152,150.0
CL00014,RF01379,CL00069,RF00181,127.0
CL00014,RF01379,CL00069,RF00284,139.0
CL00014,RF01379,CL00069,RF00357,545.0
CL00014,RF01379,CL00069,RF00509,869.0
CL00014,RF01379,CL00069,RF00530,124.0
CL00014,RF01379,CL00069,RF00570,76.0
CL00014,RF01379,CL00069,RF01169,134.0
CL00014,RF01379,CL00069,RF01278,112.0
CL00014,RF01379,CL00116,RF03116,17308.0
CL00014,RF01379,CL00116,RF03117,25304.0
CL00014,RF01379,CL00116,RF03118,8211.0
CL00014,RF01379,CL00116,RF03119,34355.0
CL00014,RF01379,CL00116,RF03120,12708.0
CL00014,RF01379,CL00121,RF00114,1577.0
CL00014,RF01379,CL00121,RF03137,130.0
CL00014,RF01379,CL00121,RF03143,84.0
CL00014,RF01379,CL00121,RF03161,64.0
CL00014,RF01379,CL00124,RF03155,716.0
CL00014,RF01379,CL00124,RF03162,266.0
CL00014,RF01379,CL00150,RF00742,502.0
CL00014,RF01379,CL00150,RF04303,1486.0
CL00024,RF00392,CL00012,RF00162,409.0
CL00024,RF00392,CL00012,RF00634,545.0
CL00024,RF00392,CL00012,RF01725,873.0
CL00024,RF00392,CL00013,RF00100,2846.0
CL00024,RF00392,CL00013,RF01052,49738.0
CL00024,RF00392,CL00014,RF01315,940.0
CL00024,RF00392,CL00014,RF01317,946.0
CL00024,RF00392,CL00014,RF01327,954.0
CL00024,RF00392,CL00014,RF01328,950.0
CL00024,RF00392,CL00014,RF01338,950.0
CL00024,RF00392,CL00014,RF01352,954.0
CL00024,RF00392,CL00014,RF01379,924.0
CL00024,RF00392,CL00024,RF00392,0.0
CL00024,RF00392,CL00024,RF01240,2028.0
CL00024,RF00392,CL00034,RF00407,417.0
CL00024,RF00392,CL00034,RF00430,87.0
CL00024,RF00392,CL00034,RF00566,486.0
CL00024,RF00392,CL00034,RF00598,303.0
CL00024,RF00392,CL00069,RF00152,876.0
CL00024,RF00392,CL00069,RF00181,871.0
CL00024,RF00392,CL00069,RF00284,883.0
CL00024,RF00392,CL00069,RF00357,647.0
CL00024,RF00392,CL00069,RF00509,871.0
CL00024,RF00392,CL00069,RF00530,886.0
CL00024,RF00392,CL00069,RF00570,864.0
CL00024,RF00392,CL00069,RF01169,872.0
CL00024,RF00392,CL00069,RF01278,868.0
CL00024,RF00392,CL00116,RF03116,16404.0
CL00024,RF00392,CL00116,RF03117,24380.0
CL00024,RF00392,CL00116,RF03118,7455.0
CL00024,RF00392,CL00116,RF03119,33569.0
CL00024,RF00392,CL00116,RF03120,11856.0
CL00024,RF00392,CL00121,RF00114,1143.0
CL00024,RF00392,CL00121,RF03137,920.0
CL00024,RF00392,CL00121,RF03143,888.0
CL00024,RF00392,CL00121,RF03161,892.0
CL00024,RF00392,CL00124,RF03155,680.0
CL00024,RF00392,CL00124,RF03162,778.0
CL00024,RF00392,CL00150,RF00742,828.0
CL00024,RF00392,CL00150,RF04303,966.0
CL00024,RF01240,CL00012,RF00162,2189.0
CL00024,RF01240,CL00012,RF00634,1953.0
CL00024,RF01240,CL00012,RF01725,2005.0
CL00024,RF01240,CL00013,RF00100,3046.0
CL00024,RF01240,CL00013,RF01052,47890.0
CL00024,RF01240,CL00014,RF01315,2922.0
CL00024,RF01240,CL00014,RF01317,2928.0
CL00024,RF01240,CL00014,RF01327,2936.0
CL00024,RF01240,CL00014,RF01328,2932.0
CL00024,RF01240,CL00014,RF01338,2932.0
CL00024,RF01240,CL00014,RF01352,2936.0
CL00024,RF01240,CL00014,RF01379,2906.0
CL00024,RF01240,CL00024,RF00392,2028.0
CL00024,RF01240,CL00024,RF01240,0.0
CL00024,RF01240,CL00034,RF00407,1735.0
CL00024,RF01240,CL00034,RF00430,2051.0
CL00024,RF01240,CL00034,RF00566,1634.0
CL00024,RF01240,CL00034,RF00598,2165.0
CL00024,RF01240,CL00069,RF00152,2812.0
CL00024,RF01240,CL00069,RF00181,2835.0
CL00024,RF01240,CL00069,RF00284,2823.0
CL00024,RF01240,CL00069,RF00357,2451.0
CL00024,RF01240,CL00069,RF00509,2147.0
CL00024,RF01240,CL00069,RF00530,2838.0
CL00024,RF01240,CL00069,RF00570,2830.0
CL00024,RF01240,CL00069,RF01169,2828.0
CL00024,RF01240,CL00069,RF01278,2850.0
CL00024,RF01240,CL00116,RF03116,14778.0
CL00024,RF01240,CL00116,RF03117,22754.0
CL00024,RF01240,CL00116,RF03118,5703.0
CL00024,RF01240,CL00116,RF03119,31753.0
CL00024,RF01240,CL00116,RF03120,9966.0
CL00024,RF01240,CL00121,RF00114,1941.0
CL00024,RF01240,CL00121,RF03137,2794.0
CL00024,RF01240,CL00121,RF03143,2822.0
CL00024,RF01240,CL00121,RF03161,2850.0
CL00024,RF01240,CL00124,RF03155,2492.0
CL00024,RF01240,CL00124,RF03162,2730.0
CL00024,RF01240,CL00150,RF00742,2478.0
CL00024,RF01240,CL00150,RF04303,1806.0
CL00034,RF00407,CL00012,RF00162,598.0
CL00034,RF00407,CL00012,RF00634,796.0
CL00034,RF00407,CL00012,RF01725,1170.0
CL00034,RF00407,CL00013,RF00100,2643.0
CL00034,RF00407,CL00013,RF01052,49453.0
CL00034,RF00407,CL00014,RF01315,1249.0
CL00034,RF00407,CL00014,RF01317,1255.0
CL00034,RF00407,CL00014,RF01327,1263.0
CL00034,RF00407,CL00014,RF01328,1259.0
CL00034,RF00407,CL00014,RF01338,1259.0
CL00034,RF00407,CL00014,RF01352,1263.0
CL00034,RF00407,CL00014,RF01379,1233.0
CL00034,RF00407,CL00024,RF00392,417.0
CL00034,RF00407,CL00024,RF01240,1735.0
CL00034,RF00407,CL00034,RF00407,0.0
CL00034,RF00407,CL00034,RF00430,472.0
CL00034,RF00407,CL00034,RF00566,201.0
CL00034,RF00407,CL00034,RF00598,664.0
CL00034,RF00407,CL00069,RF00152,1191.0
CL00034,RF00407,CL00069,RF00181,1186.0
CL00034,RF00407,CL00069,RF00284,1198.0
CL00034,RF00407,CL00069,RF00357,912.0
CL00034,RF00407,CL00069,RF00509,1158.0
CL00034,RF00407,CL00069,RF00530,1201.0
CL00034,RF00407,CL00069,RF00570,1181.0
CL00034,RF00407,CL00069,RF01169,1187.0
CL00034,RF00407,CL00069,RF01278,1177.0
CL00034,RF00407,CL00116,RF03116,16117.0
CL00034,RF00407,CL00116,RF03117,24073.0
CL00034,RF00407,CL00116,RF03118,7130.0
CL00034,RF00407,CL00116,RF03119,33252.0
CL00034,RF00407,CL00116,RF03120,11547.0
CL00034,RF00407,CL00121,RF00114,1408.0
CL00034,RF00407,CL00121,RF03137,1265.0
CL00034,RF00407,CL00121,RF03143,1185.0
CL00034,RF00407,CL00121,RF03161,1183.0
CL00034,RF00407,CL00124,RF03155,1017.0
CL00034,RF00407,CL00124,RF03162,1151.0
CL00034,RF00407,CL00150,RF00742,1129.0
CL00034,RF00407,CL00150,RF04303,1047.0
CL00034,RF00430,CL00012,RF00162,406.0
CL00034,RF00430,CL00012,RF00634,554.0
CL00034,RF00430,CL00012,RF01725,842.0
CL00034,RF00430,CL00013,RF00100,2885.0
CL00034,RF00430,CL00013,RF01052,49757.0
CL00034,RF00430,CL00014,RF01315,921.0
CL00034,RF00430,CL00014,RF01317,927.0
CL00034,RF00430,CL00014,RF01327,935.0
CL00034,RF00430,CL00014,RF01328,931.0
CL00034,RF00430,CL00014,RF01338,931.0
CL00034,RF00430,CL00014,RF01352,935.0
CL00034,RF00430,CL00014,RF01379,905.0
CL00034,RF00430,CL00024,RF00392,87.0
CL00034,RF00430,CL00024,RF01240,2051.0
CL00034,RF00430,CL00034,RF00407,472.0
CL00034,RF00430,CL00034,RF00430,0.0
CL00034,RF00430,CL00034,RF00566,515.0
CL00034,RF00430,CL00034,RF00598,260.0
CL00034,RF00430,CL00069,RF00152,865.0
CL00034,RF00430,CL00069,RF00181,860.0
CL00034,RF00430,CL00069,RF00284,872.0
CL00034,RF00430,CL00069,RF00357,628.0
CL00034,RF00430,CL00069,RF00509,844.0
CL00034,RF00430,CL00069,RF00530,875.0
CL00034,RF00430,CL00069,RF00570,841.0
CL00034,RF00430,CL00069,RF01169,861.0
CL00034,RF00430,CL00069,RF01278,849.0
CL00034,RF00430,CL00116,RF03116,16423.0
CL00034,RF00430,CL00116,RF03117,24405.0
CL00034,RF00430,CL00116,RF03118,7474.0
CL00034,RF00430,CL00116,RF03119,33580.0
CL00034,RF00430,CL00116,RF03120,11871.0
CL00034,RF00430,CL00121,RF00114,1120.0
CL00034,RF00430,CL00121,RF03137,887.0
CL00034,RF00430,CL00121,RF03143,857.0
CL00034,RF00430,CL00121,RF03161,895.0
CL00034,RF00430,CL00124,RF03155,639.0
CL00034,RF00430,CL00124,RF03162,751.0
CL00034,RF00430,CL00150,RF00742,805.0
CL00034,RF00430,CL00150,RF04303,949.0
CL00034,RF00566,CL00012,RF00162,639.0
CL00034,RF00566,CL00012,RF00634,807.0
CL00034,RF00566,CL00012,RF01725,1227.0
CL00034,RF00566,CL00013,RF00100,2642.0
CL00034,RF00566,CL00013,RF01052,49350.0
CL00034,RF00566,CL00014,RF01315,1314.0
CL00034,RF00566,CL00014,RF01317,1320.0
CL00034,RF00566,CL00014,RF01327,1328.0
CL00034,RF00566,CL00014,RF01328,1324.0
CL00034,RF00566,CL00014,RF01338,1324.0
CL00034,RF00566,CL00014,RF01352,1328.0
CL00034,RF00566,CL00014,RF01379,1298.0
CL00034,RF00566,CL00024,RF00392,486.0
CL00034,RF00566,CL00024,RF01240,1634.0
CL00034,RF00566,CL00034,RF00407,201.0
CL00034,RF00566,CL00034,RF00430,515.0
CL00034,RF00566,CL00034,RF00566,0.0
CL00034,RF00566,CL00034,RF00598,627.0
CL00034,RF00566,CL00069,RF00152,1266.0
CL00034,RF00566,CL00069,RF00181,1261.0
CL00034,RF00566,CL00069,RF00284,1273.0
CL00034,RF00566,CL00069,RF00357,1037.0
CL00034,RF00566,CL00069,RF00509,1225.0
CL00034,RF00566,CL00069,RF00530,1276.0
CL00034,RF00566,CL00069,RF00570,1242.0
CL00034,RF00566,CL00069,RF01169,1262.0
CL00034,RF00566,CL00069,RF01278,1248.0
CL00034,RF00566,CL00116,RF03116,16038.0
CL00034,RF00566,CL00116,RF03117,24040.0
CL00034,RF00566,CL00116,RF03118,7095.0
CL00034,RF00566,CL00116,RF03119,33145.0
CL00034,RF00566,CL00116,RF03120,11456.0
CL00034,RF00566,CL00121,RF00114,1481.0
CL00034,RF00566,CL00121,RF03137,1264.0
CL00034,RF00566,CL00121,RF03143,1254.0
CL00034,RF00566,CL00121,RF03161,1258.0
CL00034,RF00566,CL00124,RF03155,1012.0
CL00034,RF00566,CL00124,RF03162,1128.0
CL00034,RF00566,CL00150,RF00742,1198.0
CL00034,RF00566,CL00150,RF04303,1100.0
CL00034,RF00598,CL00012,RF00162,480.0
CL00034,RF00598,CL00012,RF00634,706.0
CL00034,RF00598,CL00012,RF01725,918.0
CL00034,RF00598,CL00013,RF00100,3025.0
CL00034,RF00598,CL00013,RF01052,49893.0
CL00034,RF00598,CL00014,RF01315,791.0
CL00034,RF00598,CL00014,RF01317,797.0
CL00034,RF00598,CL00014,RF01327,805.0
CL00034,RF00598,CL00014,RF01328,801.0
CL00034,RF00598,CL00014,RF01338,801.0
CL00034,RF00598,CL00014,RF01352,805.0
CL00034,RF00598,CL00014,RF01379,775.0
CL00034,RF00598,CL00024,RF00392,303.0
CL00034,RF00598,CL00024,RF01240,2165.0
CL00034,RF00598,CL00034,RF00407,664.0
CL00034,RF00598,CL00034,RF00430,260.0
CL00034,RF00598,CL00034,RF00566,627.0
CL00034,RF00598,CL00034,RF00598,0.0
CL00034,RF00598,CL00069,RF00152,767.0
CL00034,RF00598,CL00069,RF00181,762.0
CL00034,RF00598,CL00069,RF00284,774.0
CL00034,RF00598,CL00069,RF00357,558.0
CL00034,RF00598,CL00069,RF00509,844.0
CL00034,RF00598,CL00069,RF00530,777.0
CL00034,RF00598,CL00069,RF00570,715.0
CL00034,RF00598,CL00069,RF01169,763.0
CL00034,RF00598,CL00069,RF01278,749.0
CL00034,RF00598,CL00116,RF03116,16561.0
CL00034,RF00598,CL00116,RF03117,24569.0
CL00034,RF00598,CL00116,RF03118,7650.0
CL00034,RF00598,CL00116,RF03119,33684.0
CL00034,RF00598,CL00116,RF03120,11991.0
CL00034,RF00598,CL00121,RF00114,1164.0
CL00034,RF00598,CL00121,RF03137,735.0
CL00034,RF00598,CL00121,RF03143,719.0
CL00034,RF00598,CL00121,RF03161,741.0
CL00034,RF00598,CL00124,RF03155,613.0
CL00034,RF00598,CL00124,RF03162,605.0
CL00034,RF00598,CL00150,RF00742,703.0
CL00034,RF00598,CL00150,RF04303,1071.0
CL00069,RF00152,CL00012,RF00162,981.0
CL00069,RF00152,CL00012,RF00634,1257.0
CL00069,RF00152,CL00012,RF01725,1163.0
CL00069,RF00152,CL00013,RF00100,3610.0
CL00069,RF00152,CL00013,RF01052,50412.0
CL00069,RF00152,CL00014,RF01315,134.0
CL00069,RF00152,CL00014,RF01317,156.0
CL00069,RF00152,CL00014,RF01327,124.0
CL00069,RF00152,CL00014,RF01328,152.0
CL00069,RF00152,CL00014,RF01338,152.0
CL00069,RF00152,CL00014,RF01352,124.0
CL00069,RF00152,CL00014,RF01379,150.0
CL00069,RF00152,CL00024,RF00392,876.0
CL00069,RF00152,CL00024,RF01240,2812.0
CL00069,RF00152,CL00034,RF00407,1191.0
CL00069,RF00152,CL00034,RF00430,865.0
CL00069,RF00152,CL00034,RF00566,1266.0
CL00069,RF00152,CL00034,RF00598,767.0
CL00069,RF00152,CL00069,RF00152,0.0
CL00069,RF00152,CL00069,RF00181,27.0
CL00069,RF00152,CL00069,RF00284,11.0
CL00069,RF00152,CL00069,RF00357,415.0
CL00069,RF00152,CL00069,RF00509,775.0
CL00069,RF00152,CL00069,RF00530,26.0
CL00069,RF00152,CL00069,RF00570,98.0
CL00069,RF00152,CL00069,RF01169,20.0
CL00069,RF00152,CL00069,RF01278,38.0
CL00069,RF00152,CL00116,RF03116,17214.0
CL00069,RF00152,CL00116,RF03117,25210.0
CL00069,RF00152,CL00116,RF03118,8117.0
CL00069,RF00152,CL00116,RF03119,34261.0
CL00069,RF00152,CL00116,RF03120,12614.0
CL00069,RF00152,CL00121,RF00114,1483.0
CL00069,RF00152,CL00121,RF03137,232.0
CL00069,RF00152,CL00121,RF03143,158.0
CL00069,RF00152,CL00121,RF03161,86.0
CL00069,RF00152,CL00124,RF03155,736.0
CL00069,RF00152,CL00124,RF03162,350.0
CL00069,RF00152,CL00150,RF00742,408.0
CL00069,RF00152,CL00150,RF04303,1392.0
CL00069,RF00181,CL00012,RF00162,976.0
CL00069,RF00181,CL00012,RF00634,1252.0
CL00069,RF00181,CL00012,RF01725,1158.0
CL00069,RF00181,CL00013,RF00100,3633.0
CL00069,RF00181,CL00013,RF01052,50435.0
CL00069,RF00181,CL00014,RF01315,111.0
CL00069,RF00181,CL00014,RF01317,133.0
CL00069,RF00181,CL00014,RF01327,101.0
CL00069,RF00181,CL00014,RF01328,129.0
CL00069,RF00181,CL00014,RF01338,129.0
CL00069,RF00181,CL00014,RF01352,101.0
CL00069,RF00181,CL00014,RF01379,127.0
CL00069,RF00181,CL00024,RF00392,871.0
CL00069,RF00181,CL00024,RF01240,2835.0
CL00069,RF00181,CL00034,RF00407,1186.0
CL00069,RF00181,CL00034,RF00430,860.0
CL00069,RF00181,CL00034,RF00566,1261.0
CL00069,RF00181,CL00034,RF00598,762.0
CL00069,RF00181,CL00069,RF00152,27.0
CL00069,RF00181,CL00069,RF00181,0.0
CL00069,RF00181,CL00069,RF00284,26.0
CL00069,RF00181,CL00069,RF00357,438.0
CL00069,RF00181,CL00069,RF00509,798.0
CL00069,RF00181,CL00069,RF00530,21.0
CL00069,RF00181,CL00069,RF00570,75.0
CL00069,RF00181,CL00069,RF01169,9.0
CL00069,RF00181,CL00069,RF01278,15.0
CL00069,RF00181,CL00116,RF03116,17237.0
CL00069,RF00181,CL00116,RF03117,25233.0
CL00069,RF00181,CL00116,RF03118,8140.0
CL00069,RF00181,CL00116,RF03119,34284.0
CL00069,RF00181,CL00116,RF03120,12637.0
CL00069,RF00181,CL00121,RF00114,1506.0
CL00069,RF00181,CL00121,RF03137,209.0
CL00069,RF00181,CL00121,RF03143,135.0
CL00069,RF00181,CL00121,RF03161,63.0
CL00069,RF00181,CL00124,RF03155,731.0
CL00069,RF00181,CL00124,RF03162,337.0
CL00069,RF00181,CL00150,RF00742,431.0
CL00069,RF00181,CL00150,RF04303,1415.0
CL00069,RF00284,CL00012,RF00162,988.0
CL00069,RF00284,CL00012,RF00634,1264.0
CL00069,RF00284,CL00012,RF01725,1170.0
CL00069,RF00284,CL00013,RF00100,3621.0
CL00069,RF00284,CL00013,RF01052,50423.0
CL00069,RF00284,CL00014,RF01315,123.0
CL00069,RF00284,CL00014,RF01317,145.0
CL00069,RF00284,CL00014,RF01327,113.0
CL00069,RF00284,CL00014,RF01328,153.0
CL00069,RF00284,CL00014,RF01338,153.0
CL00069,RF00284,CL00014,RF01352,113.0
CL00069,RF00284,CL00014,RF01379,139.0
CL00069,RF00284,CL00024,RF00392,883.0
CL00069,RF00284,CL00024,RF01240,2823.0
CL00069,RF00284,CL00034,RF00407,1198.0
CL00069,RF00284,CL00034,RF00430,872.0
CL00069,RF00284,CL00034,RF00566,1273.0
CL00069,RF00284,CL00034,RF00598,774.0
CL00069,RF00284,CL00069,RF00152,11.0
CL00069,RF00284,CL00069,RF00181,26.0
CL00069,RF00284,CL00069,RF00284,0.0
CL00069,RF00284,CL00069,RF00357,426.0
CL00069,RF00284,CL00069,RF00509,786.0
CL00069,RF00284,CL00069,RF00530,15.0
CL00069,RF00284,CL00069,RF00570,87.0
CL00069,RF00284,CL00069,RF01169,21.0
CL00069,RF00284,CL00069,RF01278,27.0
CL00069,RF00284,CL00116,RF03116,17225.0
CL00069,RF00284,CL00116,RF03117,25221.0
CL00069,RF00284,CL00116,RF03118,8128.0
CL00069,RF00284,CL00116,RF03119,34272.0
CL00069,RF00284,CL00116,RF03120,12625.0
CL00069,RF00284,CL00121,RF00114,1494.0
CL00069,RF00284,CL00121,RF03137,227.0
CL00069,RF00284,CL00121,RF03143,159.0
CL00069,RF00284,CL00121,RF03161,75.0
CL00069,RF00284,CL00124,RF03155,743.0
CL00069,RF00284,CL00124,RF03162,347.0
CL00069,RF00284,CL00150,RF00742,419.0
CL00069,RF00284,CL00150,RF04303,1403.0
CL00069,RF00357,CL00012,RF00162,666.0
CL00069,RF00357,CL00012,RF00634,910.0
CL00069,RF00357,CL00012,RF01725,812.0
CL00069,RF00357,CL00013,RF00100,3223.0
CL00069,RF00357,CL00013,RF01052,49997.0
CL00069,RF00357,CL00014,RF01315,537.0
CL00069,RF00357,CL00014,RF01317,533.0
CL00069,RF00357,CL00014,RF01327,539.0
CL00069,RF00357,CL00014,RF01328,535.0
CL00069,RF00357,CL00014,RF01338,535.0
CL00069,RF00357,CL00014,RF01352,539.0
CL00069,RF00357,CL00014,RF01379,545.0
CL00069,RF00357,CL00024,RF00392,647.0
CL00069,RF00357,CL00024,RF01240,2451.0
CL00069,RF00357,CL00034,RF00407,912.0
CL00069,RF00357,CL00034,RF00430,628.0
CL00069,RF00357,CL00034,RF00566,1037.0
CL00069,RF00357,CL00034,RF00598,558.0
CL00069,RF00357,CL00069,RF00152,415.0
CL00069,RF00357,CL00069,RF00181,438.0
CL00069,RF00357,CL00069,RF00284,426.0
CL00069,RF00357,CL00069,RF00357,0.0
CL00069,RF00357,CL00069,RF00509,428.0
CL00069,RF00357,CL00069,RF00530,441.0
CL00069,RF00357,CL00069,RF00570,489.0
CL00069,RF00357,CL00069,RF01169,431.0
CL00069,RF00357,CL00069,RF01278,453.0
CL00069,RF00357,CL00116,RF03116,16799.0
CL00069,RF00357,CL00116,RF03117,24795.0
CL00069,RF00357,CL00116,RF03118,7702.0
CL00069,RF00357,CL00116,RF03119,33846.0
CL00069,RF00357,CL00116,RF03120,12199.0
CL00069,RF00357,CL00121,RF00114,1074.0
CL00069,RF00357,CL00121,RF03137,601.0
CL00069,RF00357,CL00121,RF03143,509.0
CL00069,RF00357,CL00121,RF03161,501.0
CL00069,RF00357,CL00124,RF03155,503.0
CL00069,RF00357,CL00124,RF03162,559.0
CL00069,RF00357,CL00150,RF00742,263.0
CL00069,RF00357,CL00150,RF04303,977.0
CL00069,RF00509,CL00012,RF00162,850.0
CL00069,RF00509,CL00012,RF00634,806.0
CL00069,RF00509,CL00012,RF01725,574.0
CL00069,RF00509,CL00013,RF00100,2923.0
CL00069,RF00509,CL00013,RF01052,49637.0
CL00069,RF00509,CL00014,RF01315,885.0
CL00069,RF00509,CL00014,RF01317,891.0
CL00069,RF00509,CL00014,RF01327,899.0
CL00069,RF00509,CL00014,RF01328,895.0
CL00069,RF00509,CL00014,RF01338,895.0
CL00069,RF00509,CL00014,RF01352,899.0
CL00069,RF00509,CL00014,RF01379,869.0
CL00069,RF00509,CL00024,RF00392,871.0
CL00069,RF00509,CL00024,RF01240,2147.0
CL00069,RF00509,CL00034,RF00407,1158.0
CL00069,RF00509,CL00034,RF00430,844.0
CL00069,RF00509,CL00034,RF00566,1225.0
CL00069,RF00509,CL00034,RF00598,844.0
CL00069,RF00509,CL00069,RF00152,775.0
CL00069,RF00509,CL00069,RF00181,798.0
CL00069,RF00509,CL00069,RF00284,786.0
CL00069,RF00509,CL00069,RF00357,428.0
CL00069,RF00509,CL00069,RF00509,0.0
CL00069,RF00509,CL00069,RF00530,801.0
CL00069,RF00509,CL00069,RF00570,821.0
CL00069,RF00509,CL00069,RF01169,791.0
CL00069,RF00509,CL00069,RF01278,813.0
CL00069,RF00509,CL00116,RF03116,16439.0
CL00069,RF00509,CL00116,RF03117,24435.0
CL00069,RF00509,CL00116,RF03118,7342.0
CL00069,RF00509,CL00116,RF03119,33486.0
CL00069,RF00509,CL00116,RF03120,11839.0
CL00069,RF00509,CL00121,RF00114,766.0
CL00069,RF00509,CL00121,RF03137,921.0
CL00069,RF00509,CL00121,RF03143,825.0
CL00069,RF00509,CL00121,RF03161,861.0
CL00069,RF00509,CL00124,RF03155,501.0
CL00069,RF00509,CL00124,RF03162,901.0
CL00069,RF00509,CL00150,RF00742,473.0
CL00069,RF00509,CL00150,RF04303,649.0
CL00069,RF00530,CL00012,RF00162,991.0
CL00069,RF00530,CL00012,RF00634,1267.0
CL00069,RF00530,CL00012,RF01725,1173.0
CL00069,RF00530,CL00013,RF00100,3636.0
CL00069,RF00530,CL00013,RF01052,50438.0
CL00069,RF00530,CL00014,RF01315,116.0
CL00069,RF00530,CL00014,RF01317,130.0
CL00069,RF00530,CL00014,RF01327,98.0
CL00069,RF00530,CL00014,RF01328,142.0
CL00069,RF00530,CL00014,RF01338,142.0
CL00069,RF00530,CL00014,RF01352,98.0
CL00069,RF00530,CL00014,RF01379,124.0
CL00069,RF00530,CL00024,RF00392,886.0
CL00069,RF00530,CL00024,RF01240,2838.0
CL00069,RF00530,CL00034,RF00407,1201.0
CL00069,RF00530,CL00034,RF00430,875.0
CL00069,RF00530,CL00034,RF00566,1276.0
CL00069,RF00530,CL00034,RF00598,777.0
CL00069,RF00530,CL00069,RF00152,26.0
CL00069,RF00530,CL00069,RF00181,21.0
CL00069,RF00530,CL00069,RF00284,15.0
CL00069,RF00530,CL00069,RF00357,441.0
CL00069,RF00530,CL00069,RF00509,801.0
CL00069,RF00530,CL00069,RF00530,0.0
CL00069,RF00530,CL00069,RF00570,88.0
CL00069,RF00530,CL00069,RF01169,22.0
CL00069,RF00530,CL00069,RF01278,28.0
CL00069,RF00530,CL00116,RF03116,17240.0
CL00069,RF00530,CL00116,RF03117,25236.0
CL00069,RF00530,CL00116,RF03118,8143.0
CL00069,RF00530,CL00116,RF03119,34287.0
CL00069,RF00530,CL00116,RF03120,12640.0
CL00069,RF00530,CL00121,RF00114,1509.0
CL00069,RF00530,CL00121,RF03137,214.0
CL00069,RF00530,CL00121,RF03143,144.0
CL00069,RF00530,CL00121,RF03161,60.0
CL00069,RF00530,CL00124,RF03155,746.0
CL00069,RF00530,CL00124,RF03162,348.0
CL00069,RF00530,CL00150,RF00742,434.0
CL00069,RF00530,CL00150,RF04303,1418.0
CL00069,RF00570,CL00012,RF00162,911.0
CL00069,RF00570,CL00012,RF00634,1181.0
CL00069,RF00570,CL00012,RF01725,1115.0
CL00069,RF00570,CL00013,RF00100,3628.0
CL00069,RF00570,CL00013,RF01052,50430.0
CL00069,RF00570,CL00014,RF01315,92.0
CL00069,RF00570,CL00014,RF01317,98.0
CL00069,RF00570,CL00014,RF01327,106.0
CL00069,RF00570,CL00014,RF01328,102.0
CL00069,RF00570,CL00014,RF01338,102.0
CL00069,RF00570,CL00014,RF01352,106.0
CL00069,RF00570,CL00014,RF01379,76.0
CL00069,RF00570,CL00024,RF00392,864.0
CL00069,RF00570,CL00024,RF01240,2830.0
CL00069,RF00570,CL00034,RF00407,1181.0
CL00069,RF00570,CL00034,RF00430,841.0
CL00069,RF00570,CL00034,RF00566,1242.0
CL00069,RF00570,CL00034,RF00598,715.0
CL00069,RF00570,CL00069,RF00152,98.0
CL00069,RF00570,CL00069,RF00181,75.0
CL00069,RF00570,CL00069,RF00284,87.0
CL00069,RF00570,CL00069,RF00357,489.0
CL00069,RF00570,CL00069,RF00509,821.0
CL00069,RF00570,CL00069,RF00530,88.0
CL00069,RF00570,CL00069,RF00570,0.0
CL00069,RF00570,CL00069,RF01169,82.0
CL00069,RF00570,CL00069,RF01278,60.0
CL00069,RF00570,CL00116,RF03116,17232.0
CL00069,RF00570,CL00116,RF03117,25228.0
CL00069,RF00570,CL00116,RF03118,8135.0
CL00069,RF00570,CL00116,RF03119,34279.0
CL00069,RF00570,CL00116,RF03120,12632.0
CL00069,RF00570,CL00121,RF00114,1501.0
CL00069,RF00570,CL00121,RF03137,144.0
CL00069,RF00570,CL00121,RF03143,76.0
CL00069,RF00570,CL00121,RF03161,80.0
CL00069,RF00570,CL00124,RF03155,666.0
CL00069,RF00570,CL00124,RF03162,284.0
CL00069,RF00570,CL00150,RF00742,426.0
CL00069,RF00570,CL00150,RF04303,1410.0
CL00069,RF01169,CL00012,RF00162,977.0
CL00069,RF01169,CL00012,RF00634,1253.0
CL00069,RF01169,CL00012,RF01725,1159.0
CL00069,RF01169,CL00013,RF00100,3626.0
CL00069,RF01169,CL00013,RF01052,50428.0
CL00069,RF01169,CL00014,RF01315,118.0
CL00069,RF01169,CL00014,RF01317,140.0
CL00069,RF01169,CL00014,RF01327,108.0
CL00069,RF01169,CL00014,RF01328,132.0
CL00069,RF01169,CL00014,RF01338,132.0
CL00069,RF01169,CL00014,RF01352,108.0
CL00069,RF01169,CL00014,RF01379,134.0
CL00069,RF01169,CL00024,RF00392,872.0
CL00069,RF01169,CL00024,RF01240,2828.0
CL00069,RF01169,CL00034,RF00407,1187.0
CL00069,RF01169,CL00034,RF00430,861.0
CL00069,RF01169,CL00034,RF00566,1262.0
CL00069,RF01169,CL00034,RF00598,763.0
CL00069,RF01169,CL00069,RF00152,20.0
CL00069,RF01169,CL00069,RF00181,9.0
CL00069,RF01169,CL00069,RF00284,21.0
CL00069,RF01169,CL00069,RF00357,431.0
CL00069,RF01169,CL00069,RF00509,791.0
CL00069,RF01169,CL00069,RF00530,22.0
CL00069,RF01169,CL00069,RF00570,82.0
CL00069,RF01169,CL00069,RF01169,0.0
CL00069,RF01169,CL00069,RF01278,22.0
CL00069,RF01169,CL00116,RF03116,17230.0
CL00069,RF01169,CL00116,RF03117,25226.0
CL00069,RF01169,CL00116,RF03118,8133.0
CL00069,RF01169,CL00116,RF03119,34277.0
CL00069,RF01169,CL00116,RF03120,12630.0
CL00069,RF01169,CL00121,RF00114,1499.0
CL00069,RF01169,CL00121,RF03137,218.0
CL00069,RF01169,CL00121,RF03143,142.0
CL00069,RF01169,CL00121,RF03161,70.0
CL00069,RF01169,CL00124,RF03155,732.0
CL00069,RF01169,CL00124,RF03162,338.0
CL00069,RF01169,CL00150,RF00742,424.0
CL00069,RF01169,CL00150,RF04303,1408.0
CL00069,RF01278,CL00012,RF00162,963.0
CL00069,RF01278,CL00012,RF00634,1239.0
CL00069,RF01278,CL00012,RF01725,1145.0
CL00069,RF01278,CL00013,RF00100,3648.0
CL00069,RF01278,CL00013,RF01052,50450.0
CL00069,RF01278,CL00014,RF01315,96.0
CL00069,RF01278,CL00014,RF01317,118.0
CL00069,RF01278,CL00014,RF01327,86.0
CL00069,RF01278,CL00014,RF01328,126.0
CL00069,RF01278,CL00014,RF01338,126.0
CL00069,RF01278,CL00014,RF01352,86.0
CL00069,RF01278,CL00014,RF01379,112.0
CL00069,RF01278,CL00024,RF00392,868.0
CL00069,RF01278,CL00024,RF01240,2850.0
CL00069,RF01278,CL00034,RF00407,1177.0
CL00069,RF01278,CL00034,RF00430,849.0
CL00069,RF01278,CL00034,RF00566,1248.0
CL00069,RF01278,CL00034,RF00598,749.0
CL00069,RF01278,CL00069,RF00152,38.0
CL00069,RF01278,CL00069,RF00181,15.0
CL00069,RF01278,CL00069,RF00284,27.0
CL00069,RF01278,CL00069,RF00357,453.0
CL00069,RF01278,CL00069,RF00509,813.0
CL00069,RF01278,CL00069,RF00530,28.0
CL00069,RF01278,CL00069,RF00570,60.0
CL00069,RF01278,CL00069,RF01169,22.0
CL00069,RF01278,CL00069,RF01278,0.0
CL00069,RF01278,CL00116,RF03116,17252.0
CL00069,RF01278,CL00116,RF03117,25248.0
CL00069,RF01278,CL00116,RF03118,8155.0
CL00069,RF01278,CL00116,RF03119,34299.0
CL00069,RF01278,CL00116,RF03120,12652.0
CL00069,RF01278,CL00121,RF00114,1521.0
CL00069,RF01278,CL00121,RF03137,202.0
CL00069,RF01278,CL00121,RF03143,132.0
CL00069,RF01278,CL00121,RF03161,48.0
CL00069,RF01278,CL00124,RF03155,718.0
CL00069,RF01278,CL00124,RF03162,322.0
CL00069,RF01278,CL00150,RF00742,446.0
CL00069,RF01278,CL00150,RF04303,1430.0
CL00116,RF03116,CL00012,RF00162,16401.0
CL00116,RF03116,CL00012,RF00634,16083.0
CL00116,RF03116,CL00012,RF01725,16205.0
CL00116,RF03116,CL00013,RF00100,14604.0
CL00116,RF03116,CL00013,RF01052,34666.0
CL00116,RF03116,CL00014,RF01315,17324.0
CL00116,RF03116,CL00014,RF01317,17330.0
CL00116,RF03116,CL00014,RF01327,17338.0
CL00116,RF03116,CL00014,RF01328,17334.0
CL00116,RF03116,CL00014,RF01338,17334.0
CL00116,RF03116,CL00014,RF01352,17338.0
CL00116,RF03116,CL00014,RF01379,17308.0
CL00116,RF03116,CL00024,RF00392,16404.0
CL00116,RF03116,CL00024,RF01240,14778.0
CL00116,RF03116,CL00034,RF00407,16117.0
CL00116,RF03116,CL00034,RF00430,16423.0
CL00116,RF03116,CL00034,RF00566,16038.0
CL00116,RF03116,CL00034,RF00598,16561.0
CL00116,RF03116,CL00069,RF00152,17214.0
CL00116,RF03116,CL00069,RF00181,17237.0
CL00116,RF03116,CL00069,RF00284,17225.0
CL00116,RF03116,CL00069,RF00357,16799.0
CL00116,RF03116,CL00069,RF00509,16439.0
CL00116,RF03116,CL00069,RF00530,17240.0
CL00116,RF03116,CL00069,RF00570,17232.0
CL00116,RF03116,CL00069,RF01169,17230.0
CL00116,RF03116,CL00069,RF01278,17252.0
CL00116,RF03116,CL00116,RF03116,0.0
CL00116,RF03116,CL00116,RF03117,10970.0
CL00116,RF03116,CL00116,RF03118,9841.0
CL00116,RF03116,CL00116,RF03119,19229.0
CL00116,RF03116,CL00116,RF03120,6388.0
CL00116,RF03116,CL00121,RF00114,15765.0
CL00116,RF03116,CL00121,RF03137,17268.0
CL00116,RF03116,CL00121,RF03143,17224.0
CL00116,RF03116,CL00121,RF03161,17252.0
CL00116,RF03116,CL00124,RF03155,16592.0
CL00116,RF03116,CL00124,RF03162,17042.0
CL00116,RF03116,CL00150,RF00742,16806.0
CL00116,RF03116,CL00150,RF04303,15822.0
CL00116,RF03117,CL00012,RF00162,24411.0
CL00116,RF03117,CL00012,RF00634,24109.0
CL00116,RF03117,CL00012,RF01725,24191.0
CL00116,RF03117,CL00013,RF00100,22472.0
CL00116,RF03117,CL00013,RF01052,29228.0
CL00116,RF03117,CL00014,RF01315,25320.0
CL00116,RF03117,CL00014,RF01317,25326.0
CL00116,RF03117,CL00014,RF01327,25334.0
CL00116,RF03117,CL00014,RF01328,25330.0
CL00116,RF03117,CL00014,RF01338,25330.0
CL00116,RF03117,CL00014,RF01352,25334.0
CL00116,RF03117,CL00014,RF01379,25304.0
CL00116,RF03117,CL00024,RF00392,24380.0
CL00116,RF03117,CL00024,RF01240,22754.0
CL00116,RF03117,CL00034,RF00407,24073.0
CL00116,RF03117,CL00034,RF00430,24405.0
CL00116,RF03117,CL00034,RF00566,24040.0
CL00116,RF03117,CL00034,RF00598,24569.0
CL00116,RF03117,CL00069,RF00152,25210.0
CL00116,RF03117,CL00069,RF00181,25233.0
CL00116,RF03117,CL00069,RF00284,25221.0
CL00116,RF03117,CL00069,RF00357,24795.0
CL00116,RF03117,CL00069,RF00509,24435.0
CL00116,RF03117,CL00069,RF00530,25236.0
CL00116,RF03117,CL00069,RF00570,25228.0
CL00116,RF03117,CL00069,RF01169,25226.0
CL00116,RF03117,CL00069,RF01278,25248.0
CL00116,RF03117,CL00116,RF03116,10970.0
CL00116,RF03117,CL00116,RF03117,0.0
CL00116,RF03117,CL00116,RF03118,17335.0
CL00116,RF03117,CL00116,RF03119,12321.0
CL00116,RF03117,CL00116,RF03120,14220.0
CL00116,RF03117,CL00121,RF00114,23727.0
CL00116,RF03117,CL00121,RF03137,25264.0
CL00116,RF03117,CL00121,RF03143,25220.0
CL00116,RF03117,CL00121,RF03161,25248.0
CL00116,RF03117,CL00124,RF03155,24632.0
CL00116,RF03117,CL00124,RF03162,25104.0
CL00116,RF03117,CL00150,RF00742,24802.0
CL00116,RF03117,CL00150,RF04303,23818.0
CL00116,RF03118,CL00012,RF00162,7416.0
CL00116,RF03118,CL00012,RF00634,7058.0
CL00116,RF03118,CL00012,RF01725,7134.0
CL00116,RF03118,CL00013,RF00100,6217.0
CL00116,RF03118,CL00013,RF01052,42503.0
CL00116,RF03118,CL00014,RF01315,8227.0
CL00116,RF03118,CL00014,RF01317,8233.0
CL00116,RF03118,CL00014,RF01327,8241.0
CL00116,RF03118,CL00014,RF01328,8237.0
CL00116,RF03118,CL00014,RF01338,8237.0
CL00116,RF03118,CL00014,RF01352,8241.0
CL00116,RF03118,CL00014,RF01379,8211.0
CL00116,RF03118,CL00024,RF00392,7455.0
CL00116,RF03118,CL00024,RF01240,5703.0
CL00116,RF03118,CL00034,RF00407,7130.0
CL00116,RF03118,CL00034,RF00430,7474.0
CL00116,RF03118,CL00034,RF00566,7095.0
CL00116,RF03118,CL00034,RF00598,7650.0
CL00116,RF03118,CL00069,RF00152,8117.0
CL00116,RF03118,CL00069,RF00181,8140.0
CL00116,RF03118,CL00069,RF00284,8128.0
CL00116,RF03118,CL00069,RF00357,7702.0
CL00116,RF03118,CL00069,RF00509,7342.0
CL00116,RF03118,CL00069,RF00530,8143.0
CL00116,RF03118,CL00069,RF00570,8135.0
CL00116,RF03118,CL00069,RF01169,8133.0
CL00116,RF03118,CL00069,RF01278,8155.0
CL00116,RF03118,CL00116,RF03116,9841.0
CL00116,RF03118,CL00116,RF03117,17335.0
CL00116,RF03118,CL00116,RF03118,0.0
CL00116,RF03118,CL00116,RF03119,26276.0
CL00116,RF03118,CL00116,RF03120,6761.0
CL00116,RF03118,CL00121,RF00114,6738.0
CL00116,RF03118,CL00121,RF03137,8195.0
CL00116,RF03118,CL00121,RF03143,8127.0
CL00116,RF03118,CL00121,RF03161,8155.0
CL00116,RF03118,CL00124,RF03155,7685.0
CL00116,RF03118,CL00124,RF03162,8115.0
CL00116,RF03118,CL00150,RF00742,7709.0
CL00116,RF03118,CL00150,RF04303,6725.0
CL00116,RF03119,CL00012,RF00162,33498.0
CL00116,RF03119,CL00012,RF00634,33262.0
CL00116,RF03119,CL00012,RF01725,33242.0
CL00116,RF03119,CL00013,RF00100,32091.0
CL00116,RF03119,CL00013,RF01052,17267.0
CL00116,RF03119,CL00014,RF01315,34371.0
CL00116,RF03119,CL00014,RF01317,34377.0
CL00116,RF03119,CL00014,RF01327,34385.0
CL00116,RF03119,CL00014,RF01328,34381.0
CL00116,RF03119,CL00014,RF01338,34381.0
CL00116,RF03119,CL00014,RF01352,34385.0
CL00116,RF03119,CL00014,RF01379,34355.0
CL00116,RF03119,CL00024,RF00392,33569.0
CL00116,RF03119,CL00024,RF01240,31753.0
CL00116,RF03119,CL00034,RF00407,33252.0
CL00116,RF03119,CL00034,RF00430,33580.0
CL00116,RF03119,CL00034,RF00566,33145.0
CL00116,RF03119,CL00034,RF00598,33684.0
CL00116,RF03119,CL00069,RF00152,34261.0
CL00116,RF03119,CL00069,RF00181,34284.0
CL00116,RF03119,CL00069,RF00284,34272.0
CL00116,RF03119,CL00069,RF00357,33846.0
CL00116,RF03119,CL00069,RF00509,33486.0
CL00116,RF03119,CL00069,RF00530,34287.0
CL00116,RF03119,CL00069,RF00570,34279.0
CL00116,RF03119,CL00069,RF01169,34277.0
CL00116,RF03119,CL00069,RF01278,34299.0
CL00116,RF03119,CL00116,RF03116,19229.0
CL00116,RF03119,CL00116,RF03117,12321.0
CL00116,RF03119,CL00116,RF03118,26276.0
CL00116,RF03119,CL00116,RF03119,0.0
CL00116,RF03119,CL00116,RF03120,22807.0
CL00116,RF03119,CL00121,RF00114,32836.0
CL00116,RF03119,CL00121,RF03137,34315.0
CL00116,RF03119,CL00121,RF03143,34271.0
CL00116,RF03119,CL00121,RF03161,34299.0
CL00116,RF03119,CL00124,RF03155,33697.0
CL00116,RF03119,CL00124,RF03162,34153.0
CL00116,RF03119,CL00150,RF00742,33853.0
CL00116,RF03119,CL00150,RF04303,32869.0
CL00116,RF03120,CL00012,RF00162,11829.0
CL00116,RF03120,CL00012,RF00634,11619.0
CL00116,RF03120,CL00012,RF01725,11611.0
CL00116,RF03120,CL00013,RF00100,10564.0
CL00116,RF03120,CL00013,RF01052,38708.0
CL00116,RF03120,CL00014,RF01315,12724.0
CL00116,RF03120,CL00014,RF01317,12730.0
CL00116,RF03120,CL00014,RF01327,12738.0
CL00116,RF03120,CL00014,RF01328,12734.0
CL00116,RF03120,CL00014,RF01338,12734.0
CL00116,RF03120,CL00014,RF01352,12738.0
CL00116,RF03120,CL00014,RF01379,12708.0
CL00116,RF03120,CL00024,RF00392,11856.0
CL00116,RF03120,CL00024,RF01240,9966.0
CL00116,RF03120,CL00034,RF00407,11547.0
CL00116,RF03120,CL00034,RF00430,11871.0
CL00116,RF03120,CL00034,RF00566,11456.0
CL00116,RF03120,CL00034,RF00598,11991.0
CL00116,RF03120,CL00069,RF00152,12614.0
CL00116,RF03120,CL00069,RF00181,12637.0
CL00116,RF03120,CL00069,RF00284,12625.0
CL00116,RF03120,CL00069,RF00357,12199.0
CL00116,RF03120,CL00069,RF00509,11839.0
CL00116,RF03120,CL00069,RF00530,12640.0
CL00116,RF03120,CL00069,RF00570,12632.0
CL00116,RF03120,CL00069,RF01169,12630.0
CL00116,RF03120,CL00069,RF01278,12652.0
CL00116,RF03120,CL00116,RF03116,6388.0
CL00116,RF03120,CL00116,RF03117,14220.0
CL00116,RF03120,CL00116,RF03118,6761.0
CL00116,RF03120,CL00116,RF03119,22807.0
CL00116,RF03120,CL00116,RF03120,0.0
CL00116,RF03120,CL00121,RF00114,11173.0
CL00116,RF03120,CL00121,RF03137,12594.0
CL00116,RF03120,CL00121,RF03143,12624.0
CL00116,RF03120,CL00121,RF03161,12652.0
CL00116,RF03120,CL00124,RF03155,12192.0
CL00116,RF03120,CL00124,RF03162,12442.0
CL00116,RF03120,CL00150,RF00742,12206.0
CL00116,RF03120,CL00150,RF04303,11222.0
CL00121,RF00114,CL00012,RF00162,1150.0
CL00121,RF00114,CL00012,RF00634,828.0
CL00121,RF00114,CL00012,RF01725,512.0
CL00121,RF00114,CL00013,RF00100,2423.0
CL00121,RF00114,CL00013,RF01052,49033.0
CL00121,RF00114,CL00014,RF01315,1593.0
CL00121,RF00114,CL00014,RF01317,1599.0
CL00121,RF00114,CL00014,RF01327,1607.0
CL00121,RF00114,CL00014,RF01328,1603.0
CL00121,RF00114,CL00014,RF01338,1603.0
CL00121,RF00114,CL00014,RF01352,1607.0
CL00121,RF00114,CL00014,RF01379,1577.0
CL00121,RF00114,CL00024,RF00392,1143.0
CL00121,RF00114,CL00024,RF01240,1941.0
CL00121,RF00114,CL00034,RF00407,1408.0
CL00121,RF00114,CL00034,RF00430,1120.0
CL00121,RF00114,CL00034,RF00566,1481.0
CL00121,RF00114,CL00034,RF00598,1164.0
CL00121,RF00114,CL00069,RF00152,1483.0
CL00121,RF00114,CL00069,RF00181,1506.0
CL00121,RF00114,CL00069,RF00284,1494.0
CL00121,RF00114,CL00069,RF00357,1074.0
CL00121,RF00114,CL00069,RF00509,766.0
CL00121,RF00114,CL00069,RF00530,1509.0
CL00121,RF00114,CL00069,RF00570,1501.0
CL00121,RF00114,CL00069,RF01169,1499.0
CL00121,RF00114,CL00069,RF01278,1521.0
CL00121,RF00114,CL00116,RF03116,15765.0
CL00121,RF00114,CL00116,RF03117,23727.0
CL00121,RF00114,CL00116,RF03118,6738.0
CL00121,RF00114,CL00116,RF03119,32836.0
CL00121,RF00114,CL00116,RF03120,11173.0
CL00121,RF00114,CL00121,RF00114,0.0
CL00121,RF00114,CL00121,RF03137,1555.0
CL00121,RF00114,CL00121,RF03143,1493.0
CL00121,RF00114,CL00121,RF03161,1521.0
CL00121,RF00114,CL00124,RF03155,1163.0
CL00121,RF00114,CL00124,RF03162,1565.0
CL00121,RF00114,CL00150,RF00742,1115.0
CL00121,RF00114,CL00150,RF04303,595.0
CL00121,RF03137,CL00012,RF00162,929.0
CL00121,RF03137,CL00012,RF00634,1229.0
CL00121,RF03137,CL00012,RF01725,1127.0
CL00121,RF03137,CL00013,RF00100,3618.0
CL00121,RF03137,CL00013,RF01052,50466.0
CL00121,RF03137,CL00014,RF01315,130.0
CL00121,RF03137,CL00014,RF01317,136.0
CL00121,RF03137,CL00014,RF01327,144.0
CL00121,RF03137,CL00014,RF01328,140.0
CL00121,RF03137,CL00014,RF01338,140.0
CL00121,RF03137,CL00014,RF01352,144.0
CL00121,RF03137,CL00014,RF01379,130.0
CL00121,RF03137,CL00024,RF00392,920.0
CL00121,RF03137,CL00024,RF01240,2794.0
CL00121,RF03137,CL00034,RF00407,1265.0
CL00121,RF03137,CL00034,RF00430,887.0
CL00121,RF03137,CL00034,RF00566,1264.0
CL00121,RF03137,CL00034,RF00598,735.0
CL00121,RF03137,CL00069,RF00152,232.0
CL00121,RF03137,CL00069,RF00181,209.0
CL00121,RF03137,CL00069,RF00284,227.0
CL00121,RF03137,CL00069,RF00357,601.0
CL00121,RF03137,CL00069,RF00509,921.0
CL00121,RF03137,CL00069,RF00530,214.0
CL00121,RF03137,CL00069,RF00570,144.0
CL00121,RF03137,CL00069,RF01169,218.0
CL00121,RF03137,CL00069,RF01278,202.0
CL00121,RF03137,CL00116,RF03116,17268.0
CL00121,RF03137,CL00116,RF03117,25264.0
CL00121,RF03137,CL00116,RF03118,8195.0
CL00121,RF03137,CL00116,RF03119,34315.0
CL00121,RF03137,CL00116,RF03120,12594.0
CL00121,RF03137,CL00121,RF00114,1555.0
CL00121,RF03137,CL00121,RF03137,0.0
CL00121,RF03137,CL00121,RF03143,146.0
CL00121,RF03137,CL00121,RF03161,172.0
CL00121,RF03137,CL00124,RF03155,684.0
CL00121,RF03137,CL00124,RF03162,266.0
CL00121,RF03137,CL00150,RF00742,554.0
CL00121,RF03137,CL00150,RF04303,1538.0
CL00121,RF03143,CL00012,RF00162,889.0
CL00121,RF03143,CL00012,RF00634,1175.0
CL00121,RF03143,CL00012,RF01725,1099.0
CL00121,RF03143,CL00013,RF00100,3620.0
CL00121,RF03143,CL00013,RF01052,50422.0
CL00121,RF03143,CL00014,RF01315,100.0
CL00121,RF03143,CL00014,RF01317,106.0
CL00121,RF03143,CL00014,RF01327,114.0
CL00121,RF03143,CL00014,RF01328,110.0
CL00121,RF03143,CL00014,RF01338,110.0
CL00121,RF03143,CL00014,RF01352,114.0
CL00121,RF03143,CL00014,RF01379,84.0
CL00121,RF03143,CL00024,RF00392,888.0
CL00121,RF03143,CL00024,RF01240,2822.0
CL00121,RF03143,CL00034,RF00407,1185.0
CL00121,RF03143,CL00034,RF00430,857.0
CL00121,RF03143,CL00034,RF00566,1254.0
CL00121,RF03143,CL00034,RF00598,719.0
CL00121,RF03143,CL00069,RF00152,158.0
CL00121,RF03143,CL00069,RF00181,135.0
CL00121,RF03143,CL00069,RF00284,159.0
CL00121,RF03143,CL00069,RF00357,509.0
CL00121,RF03143,CL00069,RF00509,825.0
CL00121,RF03143,CL00069,RF00530,144.0
CL00121,RF03143,CL00069,RF00570,76.0
CL00121,RF03143,CL00069,RF01169,142.0
CL00121,RF03143,CL00069,RF01278,132.0
CL00121,RF03143,CL00116,RF03116,17224.0
CL00121,RF03143,CL00116,RF03117,25220.0
CL00121,RF03143,CL00116,RF03118,8127.0
CL00121,RF03143,CL00116,RF03119,34271.0
CL00121,RF03143,CL00116,RF03120,12624.0
CL00121,RF03143,CL00121,RF00114,1493.0
CL00121,RF03143,CL00121,RF03137,146.0
CL00121,RF03143,CL00121,RF03143,0.0
CL00121,RF03143,CL00121,RF03161,84.0
CL00121,RF03143,CL00124,RF03155,654.0
CL00121,RF03143,CL00124,RF03162,276.0
CL00121,RF03143,CL00150,RF00742,418.0
CL00121,RF03143,CL00150,RF04303,1402.0
CL00121,RF03161,CL00012,RF00162,955.0
CL00121,RF03161,CL00012,RF00634,1249.0
CL00121,RF03161,CL00012,RF01725,1141.0
CL00121,RF03161,CL00013,RF00100,3648.0
CL00121,RF03161,CL00013,RF01052,50450.0
CL00121,RF03161,CL00014,RF01315,96.0
CL00121,RF03161,CL00014,RF01317,78.0
CL00121,RF03161,CL00014,RF01327,86.0
CL00121,RF03161,CL00014,RF01328,82.0
CL00121,RF03161,CL00014,RF01338,82.0
CL00121,RF03161,CL00014,RF01352,86.0
CL00121,RF03161,CL00014,RF01379,64.0
CL00121,RF03161,CL00024,RF00392,892.0
CL00121,RF03161,CL00024,RF01240,2850.0
CL00121,RF03161,CL00034,RF00407,1183.0
CL00121,RF03161,CL00034,RF00430,895.0
CL00121,RF03161,CL00034,RF00566,1258.0
CL00121,RF03161,CL00034,RF00598,741.0
CL00121,RF03161,CL00069,RF00152,86.0
CL00121,RF03161,CL00069,RF00181,63.0
CL00121,RF03161,CL00069,RF00284,75.0
CL00121,RF03161,CL00069,RF00357,501.0
CL00121,RF03161,CL00069,RF00509,861.0
CL00121,RF03161,CL00069,RF00530,60.0
CL00121,RF03161,CL00069,RF00570,80.0
CL00121,RF03161,CL00069,RF01169,70.0
CL00121,RF03161,CL00069,RF01278,48.0
CL00121,RF03161,CL00116,RF03116,17252.0
CL00121,RF03161,CL00116,RF03117,25248.0
CL00121,RF03161,CL00116,RF03118,8155.0
CL00121,RF03161,CL00116,RF03119,34299.0
CL00121,RF03161,CL00116,RF03120,12652.0
CL00121,RF03161,CL00121,RF00114,1521.0
CL00121,RF03161,CL00121,RF03137,172.0
CL00121,RF03161,CL00121,RF03143,84.0
CL00121,RF03161,CL00121,RF03161,0.0
CL00121,RF03161,CL00124,RF03155,710.0
CL00121,RF03161,CL00124,RF03162,312.0
CL00121,RF03161,CL00150,RF00742,450.0
CL00121,RF03161,CL00150,RF04303,1470.0
CL00124,RF03155,CL00012,RF00162,487.0
CL00124,RF03155,CL00012,RF00634,827.0
CL00124,RF03155,CL00012,RF01725,715.0
CL00124,RF03155,CL00013,RF00100,3172.0
CL00124,RF03155,CL00013,RF01052,50092.0
CL00124,RF03155,CL00014,RF01315,732.0
CL00124,RF03155,CL00014,RF01317,738.0
CL00124,RF03155,CL00014,RF01327,746.0
CL00124,RF03155,CL00014,RF01328,742.0
CL00124,RF03155,CL00014,RF01338,742.0
CL00124,RF03155,CL00014,RF01352,746.0
CL00124,RF03155,CL00014,RF01379,716.0
CL00124,RF03155,CL00024,RF00392,680.0
CL00124,RF03155,CL00024,RF01240,2492.0
CL00124,RF03155,CL00034,RF00407,1017.0
CL00124,RF03155,CL00034,RF00430,639.0
CL00124,RF03155,CL00034,RF00566,1012.0
CL00124,RF03155,CL00034,RF00598,613.0
CL00124,RF03155,CL00069,RF00152,736.0
CL00124,RF03155,CL00069,RF00181,731.0
CL00124,RF03155,CL00069,RF00284,743.0
CL00124,RF03155,CL00069,RF00357,503.0
CL00124,RF03155,CL00069,RF00509,501.0
CL00124,RF03155,CL00069,RF00530,746.0
CL00124,RF03155,CL00069,RF00570,666.0
CL00124,RF03155,CL00069,RF01169,732.0
CL00124,RF03155,CL00069,RF01278,718.0
CL00124,RF03155,CL00116,RF03116,16592.0
CL00124,RF03155,CL00116,RF03117,24632.0
CL00124,RF03155,CL00116,RF03118,7685.0
CL00124,RF03155,CL00116,RF03119,33697.0
CL00124,RF03155,CL00116,RF03120,12192.0
CL00124,RF03155,CL00121,RF00114,1163.0
CL00124,RF03155,CL00121,RF03137,684.0
CL00124,RF03155,CL00121,RF03143,654.0
CL00124,RF03155,CL00121,RF03161,710.0
CL00124,RF03155,CL00124,RF03155,0.0
CL00124,RF03155,CL00124,RF03162,528.0
CL00124,RF03155,CL00150,RF00742,508.0
CL00124,RF03155,CL00150,RF04303,1082.0
CL00124,RF03162,CL00012,RF00162,769.0
CL00124,RF03162,CL00012,RF00634,1095.0
CL00124,RF03162,CL00012,RF01725,1129.0
CL00124,RF03162,CL00013,RF00100,3534.0
CL00124,RF03162,CL00013,RF01052,50396.0
CL00124,RF03162,CL00014,RF01315,284.0
CL00124,RF03162,CL00014,RF01317,288.0
CL00124,RF03162,CL00014,RF01327,296.0
CL00124,RF03162,CL00014,RF01328,292.0
CL00124,RF03162,CL00014,RF01338,292.0
CL00124,RF03162,CL00014,RF01352,296.0
CL00124,RF03162,CL00014,RF01379,266.0
CL00124,RF03162,CL00024,RF00392,778.0
CL00124,RF03162,CL00024,RF01240,2730.0
CL00124,RF03162,CL00034,RF00407,1151.0
CL00124,RF03162,CL00034,RF00430,751.0
CL00124,RF03162,CL00034,RF00566,1128.0
CL00124,RF03162,CL00034,RF00598,605.0
CL00124,RF03162,CL00069,RF00152,350.0
CL00124,RF03162,CL00069,RF00181,337.0
CL00124,RF03162,CL00069,RF00284,347.0
CL00124,RF03162,CL00069,RF00357,559.0
CL00124,RF03162,CL00069,RF00509,901.0
CL00124,RF03162,CL00069,RF00530,348.0
CL00124,RF03162,CL00069,RF00570,284.0
CL00124,RF03162,CL00069,RF01169,338.0
CL00124,RF03162,CL00069,RF01278,322.0
CL00124,RF03162,CL00116,RF03116,17042.0
CL00124,RF03162,CL00116,RF03117,25104.0
CL00124,RF03162,CL00116,RF03118,8115.0
CL00124,RF03162,CL00116,RF03119,34153.0
CL00124,RF03162,CL00116,RF03120,12442.0
CL00124,RF03162,CL00121,RF00114,1565.0
CL00124,RF03162,CL00121,RF03137,266.0
CL00124,RF03162,CL00121,RF03143,276.0
CL00124,RF03162,CL00121,RF03161,312.0
CL00124,RF03162,CL00124,RF03155,528.0
CL00124,RF03162,CL00124,RF03162,0.0
CL00124,RF03162,CL00150,RF00742,534.0
CL00124,RF03162,CL00150,RF04303,1518.0
CL00150,RF00742,CL00012,RF00162,889.0
CL00150,RF00742,CL00012,RF00634,975.0
CL00150,RF00742,CL00012,RF01725,877.0
CL00150,RF00742,CL00013,RF00100,3262.0
CL00150,RF00742,CL00013,RF01052,50004.0
CL00150,RF00742,CL00014,RF01315,518.0
CL00150,RF00742,CL00014,RF01317,524.0
CL00150,RF00742,CL00014,RF01327,532.0
CL00150,RF00742,CL00014,RF01328,528.0
CL00150,RF00742,CL00014,RF01338,528.0
CL00150,RF00742,CL00014,RF01352,532.0
CL00150,RF00742,CL00014,RF01379,502.0
CL00150,RF00742,CL00024,RF00392,828.0
CL00150,RF00742,CL00024,RF01240,2478.0
CL00150,RF00742,CL00034,RF00407,1129.0
CL00150,RF00742,CL00034,RF00430,805.0
CL00150,RF00742,CL00034,RF00566,1198.0
CL00150,RF00742,CL00034,RF00598,703.0
CL00150,RF00742,CL00069,RF00152,408.0
CL00150,RF00742,CL00069,RF00181,431.0
CL00150,RF00742,CL00069,RF00284,419.0
CL00150,RF00742,CL00069,RF00357,263.0
CL00150,RF00742,CL00069,RF00509,473.0
CL00150,RF00742,CL00069,RF00530,434.0
CL00150,RF00742,CL00069,RF00570,426.0
CL00150,RF00742,CL00069,RF01169,424.0
CL00150,RF00742,CL00069,RF01278,446.0
CL00150,RF00742,CL00116,RF03116,16806.0
CL00150,RF00742,CL00116,RF03117,24802.0
CL00150,RF00742,CL00116,RF03118,7709.0
CL00150,RF00742,CL00116,RF03119,33853.0
CL00150,RF00742,CL00116,RF03120,12206.0
CL00150,RF00742,CL00121,RF00114,1115.0
CL00150,RF00742,CL00121,RF03137,554.0
CL00150,RF00742,CL00121,RF03143,418.0
CL00150,RF00742,CL00121,RF03161,450.0
CL00150,RF00742,CL00124,RF03155,508.0
CL00150,RF00742,CL00124,RF03162,534.0
CL00150,RF00742,CL00150,RF00742,0.0
CL00150,RF00742,CL00150,RF04303,1040.0
CL00150,RF04303,CL00012,RF00162,933.0
CL00150,RF04303,CL00012,RF00634,731.0
CL00150,RF04303,CL00012,RF01725,607.0
CL00150,RF04303,CL00013,RF00100,2334.0
CL00150,RF04303,CL00013,RF01052,49020.0
CL00150,RF04303,CL00014,RF01315,1502.0
CL00150,RF04303,CL00014,RF01317,1508.0
CL00150,RF04303,CL00014,RF01327,1516.0
CL00150,RF04303,CL00014,RF01328,1512.0
CL00150,RF04303,CL00014,RF01338,1512.0
CL00150,RF04303,CL00014,RF01352,1516.0
CL00150,RF04303,CL00014,RF01379,1486.0
CL00150,RF04303,CL00024,RF00392,966.0
CL00150,RF04303,CL00024,RF01240,1806.0
CL00150,RF04303,CL00034,RF00407,1047.0
CL00150,RF04303,CL00034,RF00430,949.0
CL00150,RF04303,CL00034,RF00566,1100.0
CL00150,RF04303,CL00034,RF00598,1071.0
CL00150,RF04303,CL00069,RF00152,1392.0
CL00150,RF04303,CL00069,RF00181,1415.0
CL00150,RF04303,CL00069,RF00284,1403.0
CL00150,RF04303,CL00069,RF00357,977.0
CL00150,RF04303,CL00069,RF00509,649.0
CL00150,RF04303,CL00069,RF00530,1418.0
CL00150,RF04303,CL00069,RF00570,1410.0
CL00150,RF04303,CL00069,RF01169,1408.0
CL00150,RF04303,CL00069,RF01278,1430.0
CL00150,RF04303,CL00116,RF03116,15822.0
CL00150,RF04303,CL00116,RF03117,23818.0
CL00150,RF04303,CL00116,RF03118,6725.0
CL00150,RF04303,CL00116,RF03119,32869.0
CL00150,RF04303,CL00116,RF03120,11222.0
CL00150,RF04303,CL00121,RF00114,595.0
CL00150,RF04303,CL00121,RF03137,1538.0
CL00150,RF04303,CL00121,RF03143,1402.0
CL00150,RF04303,CL00121,RF03161,1470.0
CL00150,RF04303,CL00124,RF03155,1082.0
CL00150,RF04303,CL00124,RF03162,1518.0
CL00150,RF04303,CL00150,RF00742,1040.0
CL00150,RF04303,CL00150,RF04303,0.0
